nome,aic,rmse_oos,mae_oos,pseudo_r2,converged
Gamma+log,26632.837698348347,7817.201773659299,4430.031437633845,0.680195574937876,True
Tweedie(p=1.5)+log,26514.039774831057,6604.202029984936,4061.128948921885,0.714861401397542,True
OLS log(y),1635.0333987416452,8395.918630093747,4252.37391197916,0.7679477606576043,True
